image_id,true_naip_year,longitude,latitude,modeled_naip_year
286_6_1_0_17_785_13606,2012,-78.5341567223,35.1409954809,
286_6_1_0_17_787_13597,2005,-78.5285845921,35.1176789043,2008.0
286_6_1_0_17_788_13605,2005,-78.5248249547,35.1382271262,2008.0
286_6_1_0_17_788_13606,2005,-78.5247469185,35.1408036448,2008.0
286_6_1_0_17_788_13676,2005,-78.5192597008,35.3211568396,
286_6_1_0_17_789_13658,2005,-78.5175336306,35.2747164646,2008.0
286_6_1_0_17_790_13599,2008,-78.5190211914,35.1226397775,2008.0
286_6_1_0_17_790_13601,2006,-78.5188648336,35.1277928041,2008.0
286_6_1_0_17_790_13620,2005,-78.5173774535,35.176746307,2008.0
286_6_1_0_17_792_13610,2005,-78.5118868296,35.1508526923,2008.0
286_6_1_0_17_793_13572,2005,-78.5117285267,35.0528810006,2008.0
286_6_1_0_17_793_13667,2005,-78.5042549232,35.2976457014,2008.0
286_6_1_0_17_793_13672,2005,-78.5038590743,35.3105277409,2008.0
286_6_1_0_17_794_13617,2005,-78.5050620115,35.168759002,
286_6_1_0_17_794_13629,2006,-78.5041163773,35.1996765225,2008.0
286_6_1_0_17_795_13668,2005,-78.4978904407,35.3000922431,2008.0
286_6_1_0_17_796_13568,2005,-78.5026428846,35.0423817872,2008.0
286_6_1_0_17_796_13578,2005,-78.5018578761,35.0681468904,2008.0
286_6_1_0_17_796_13592,2005,-78.5007571893,35.1042178248,2008.0
286_6_1_0_17_796_13606,2005,-78.499654545,35.140288514,2008.0
286_6_1_0_17_796_13668,2005,-78.4947477893,35.3000271864,2008.0
286_6_1_0_17_797_13617,2005,-78.4956492188,35.1685647738,2008.0
286_6_1_0_17_799_13695,2005,-78.4831629204,35.3693931337,2008.0
286_6_1_0_17_800_13565,2005,-78.4903483798,35.0343937298,2008.0
286_6_1_0_17_800_13677,2005,-78.4814582189,35.3229533924,2010.0
286_6_1_0_17_800_13706,2005,-78.479135634,35.3976671661,2008.0
286_6_1_0_17_801_13684,2005,-78.4777541844,35.3409222846,2008.0
286_6_1_0_17_802_13549,2005,-78.4853464091,34.9930400997,2008.0
286_6_1_0_17_802_13665,2005,-78.4761321961,35.2919060654,2008.0
286_6_1_0_17_803_13685,2005,-78.4713855122,35.3433672392,2010.0
286_6_1_0_17_804_13560,2005,-78.4782146318,35.0212515647,2008.0
286_6_1_0_17_804_13578,2005,-78.4767881971,35.0676279529,2008.0
286_6_1_0_17_804_13652,2012,-78.4708896118,35.2582821684,2012.0
286_6_1_0_17_805_13561,2005,-78.4750034751,35.0237629156,2008.0
286_6_1_0_17_805_13605,2005,-78.4715061034,35.1371263752,2010.0
286_6_1_0_17_807_13587,2005,-78.4666701381,35.0906198914,2008.0
286_6_1_0_17_807_13647,2005,-78.4618685163,35.2452031198,2008.0
286_6_1_0_17_808_13607,2008,-78.4619371684,35.1420824825,2009.0
286_6_1_0_17_808_13694,2005,-78.4549365089,35.3662239537,2009.0
286_6_1_0_17_809_13559,2005,-78.4626348848,35.0183487131,
286_6_1_0_17_809_13564,2005,-78.4622365783,35.0312309349,2008.0
286_6_1_0_17_811_13647,2005,-78.4493067979,35.2449390156,2008.0
286_6_1_0_17_812_13574,2005,-78.4520395735,35.0567982108,2010.0
286_6_1_0_17_812_13601,2005,-78.4498736393,35.1263608212,2010.0
286_6_1_0_17_812_13615,2005,-78.4487476372,35.162429962,2008.0
286_6_1_0_17_812_13626,2008,-78.4478615168,35.1907698282,2008.0
286_6_1_0_17_813_13524,2005,-78.4529027225,34.9279106047,2008.0
286_6_1_0_17_814_13657,2005,-78.4390748424,35.2705030749,2008.0
286_6_1_0_17_816_13555,2005,-78.4410340601,35.0075827753,2008.0
286_6_1_0_17_816_13575,2005,-78.4394263912,35.0591106987,2008.0
286_6_1_0_17_817_13561,2005,-78.4374203135,35.0229751107,2008.0
286_6_1_0_17_817_13581,2005,-78.4358094565,35.0745027574,2008.0
286_6_1_0_17_817_13649,2005,-78.4303018606,35.2496929884,2010.0
286_6_1_0_17_817_13651,2005,-78.4301391519,35.254845554,2008.0
286_6_1_0_17_817_13694,2005,-78.4266309092,35.3656244915,2010.0
286_6_1_0_17_818_13553,2008,-78.4349324323,35.0022977865,2009.0
286_6_1_0_17_818_13612,2005,-78.4301676537,35.1543031183,2008.0
286_6_1_0_17_818_13649,2005,-78.42716132,35.2496262579,2014.0
286_6_1_0_17_819_13546,2005,-78.4323649967,34.9841968037,2008.0
286_6_1_0_17_821_13576,2005,-78.4236792709,35.0613553298,2008.0
286_6_1_0_17_822_13518,2012,-78.4252316465,34.9118586404,2012.0
286_6_1_0_17_822_13534,2005,-78.4239424906,34.9530811586,2008.0
286_6_1_0_17_822_13594,2005,-78.4190847756,35.1076627332,2008.0
286_6_1_0_17_823_13550,2005,-78.4195199793,34.994236846,2008.0
286_6_1_0_17_823_13633,2005,-78.4127684645,35.2080712875,
286_6_1_0_17_824_13505,2005,-78.4200244861,34.8782325778,2008.0
286_6_1_0_17_824_13677,2005,-78.4060171444,35.3213583783,2008.0
286_6_1_0_17_826_13520,2005,-78.4125594923,34.9167457129,2008.0
286_6_1_0_17_826_13537,2012,-78.4111826903,34.9605441546,2014.0
286_6_1_0_17_827_13579,2005,-78.4046348793,35.0686834927,2009.0
286_6_1_0_17_827_13619,2005,-78.4013622887,35.171734839,2008.0
286_6_1_0_17_828_13570,2005,-78.4022362816,35.0454296218,
286_6_1_0_17_828_13598,2005,-78.3999470728,35.117565916,2008.0
286_6_1_0_17_828_13678,2005,-78.3933614791,35.3236641504,2008.0
286_6_1_0_17_829_13555,2005,-78.4003281387,35.0067177467,2008.0
286_6_1_0_17_829_13585,2005,-78.397876824,35.0840069721,2008.0
286_6_1_0_17_829_13669,2005,-78.3909632888,35.3004107497,2008.0
286_6_1_0_17_830_13606,2005,-78.393019178,35.1380413222,2009.0
286_6_1_0_17_830_13614,2005,-78.3923613788,35.1586513268,2008.0
286_6_1_0_17_831_13611,2005,-78.3894714844,35.15085504,2008.0
286_6_1_0_17_833_13541,2005,-78.3889498281,34.9703805056,
286_6_1_0_17_833_13661,2010,-78.3790585385,35.2795296256,2010.0
286_6_1_0_17_833_13675,2005,-78.3778947131,35.3155958341,2008.0
286_6_1_0_17_834_13589,2005,-78.3818769286,35.0939746942,2008.0
286_6_1_0_17_835_13570,2005,-78.3803080634,35.0449580831,2008.0
286_6_1_0_17_835_13587,2005,-78.3789074654,35.0887544745,2008.0
286_6_1_0_17_835_13604,2005,-78.3775038426,35.1325505,2009.0
286_6_1_0_17_836_13611,2005,-78.3737884047,35.1505161012,2008.0
286_6_1_0_17_836_13620,2005,-78.3730425338,35.1737019463,2008.0
286_6_1_0_17_838_13607,2005,-78.3678472601,35.1400751568,2010.0
286_6_1_0_17_839_13588,2005,-78.3662877285,35.0910590294,2008.0
286_6_1_0_17_839_13606,2005,-78.3647941669,35.1374307925,2008.0
286_6_1_0_17_840_13579,2005,-78.3638998283,35.0678049267,2008.0
286_6_1_0_17_840_13592,2005,-78.3628214398,35.1012957499,2008.0
286_6_1_0_17_840_13600,2005,-78.3621569313,35.1219053808,2008.0
286_6_1_0_17_840_13607,2005,-78.3615749328,35.1399387412,2008.0
286_6_1_0_17_841_13565,2005,-78.361927164,35.0316695896,2009.0
286_6_1_0_17_841_13629,2005,-78.3566041056,35.1965461396,2008.0
286_6_1_0_17_842_13520,2005,-78.3625165318,34.9156698108,2008.0
286_6_1_0_17_842_13592,2005,-78.3565521095,35.1011592048,2008.0
286_6_1_0_17_843_13564,2005,-78.3557461859,35.0289570086,2008.0
286_6_1_0_17_845_13527,2005,-78.3525542392,34.9334996313,2008.0
286_6_1_0_17_846_13605,2005,-78.3429257254,35.1343752449,2008.0
286_6_1_0_17_846_13607,2005,-78.3427582045,35.1395275492,2008.0
286_6_1_0_17_847_13531,2012,-78.3459655792,34.9436680967,2012.0
286_6_1_0_17_847_13536,2005,-78.3455501237,34.9565492848,
286_6_1_0_17_847_13601,2005,-78.3401251468,35.1240018447,2008.0
286_6_1_0_17_847_13612,2005,-78.3392026388,35.1523394392,2008.0
286_6_1_0_17_847_13617,2005,-78.3387828911,35.1652201131,2008.0
286_6_1_0_17_848_13522,2005,-78.3435849958,34.9204135361,2008.0
286_6_1_0_17_849_13505,2005,-78.3418695476,34.8765488646,2008.0
286_6_1_0_17_849_13535,2005,-78.3393752305,34.9538361158,2008.0
286_6_1_0_17_849_13582,2005,-78.3354483248,35.0749171808,2008.0
286_6_1_0_17_849_13620,2005,-78.3322562129,35.1728104574,2008.0
286_6_1_0_17_850_13616,2005,-78.3294560099,35.1624368707,2010.0
286_6_1_0_17_850_13618,2005,-78.3292874653,35.1675890946,2008.0
286_6_1_0_17_851_13518,2005,-78.3345351972,34.909903113,2008.0
286_6_1_0_17_851_13535,2005,-78.3331172673,34.95369886,2008.0
286_6_1_0_17_851_13590,2005,-78.3285088339,35.0953884686,2008.0
286_6_1_0_17_851_13594,2005,-78.3281724188,35.1056930174,2008.0
286_6_1_0_17_852_13527,2005,-78.3306567248,34.933020446,2008.0
286_6_1_0_17_852_13668,2005,-78.3187757747,35.2962538706,2008.0
286_6_1_0_17_853_13498,2005,-78.3299487289,34.8582411418,2008.0
286_6_1_0_17_853_13614,2012,-78.320214348,35.157076841,2012.0
286_6_1_0_17_853_13658,2005,-78.3164843525,35.2704238315,2008.0
286_6_1_0_17_854_13487,2005,-78.32774013,34.8298337917,2008.0
286_6_1_0_17_854_13508,2005,-78.325988879,34.8839347804,
286_6_1_0_17_854_13610,2005,-78.3174161017,35.146703044,2008.0
286_6_1_0_17_854_13658,2005,-78.3133432995,35.270354112,2008.0
286_6_1_0_17_854_13659,2005,-78.3132581854,35.2729301447,2008.0
286_6_1_0_17_855_13496,2005,-78.3238650315,34.8529512639,2008.0
286_6_1_0_17_855_13527,2005,-78.3212722345,34.9328138745,2008.0
286_6_1_0_17_855_13588,2005,-78.3161404007,35.089959317,2008.0
286_6_1_0_17_855_13623,2005,-78.3131779218,35.1801225956,2008.0
286_6_1_0_17_856_13520,2005,-78.3187311373,34.9147115163,2008.0
286_6_1_0_17_856_13599,2005,-78.3120755533,35.1182270235,2008.0
286_6_1_0_17_858_13478,2005,-78.3159957569,34.8063725364,2008.0
286_6_1_0_17_858_13531,2005,-78.3115513707,34.9429112643,2008.0
286_6_1_0_17_858_13613,2006,-78.3046159806,35.154152821,2008.0
286_6_1_0_17_858_13727,2008,-78.2948534129,35.4478158369,2008.0
286_6_1_0_17_859_13612,2006,-78.3015645452,35.1515069348,2008.0
286_6_1_0_17_859_13729,2005,-78.291532802,35.4528970713,2008.0
286_6_1_0_17_860_13663,2005,-78.2940685532,35.2828140363,2008.0
286_6_1_0_17_861_13516,2005,-78.3034311693,34.9040607887,2008.0
286_6_1_0_17_861_13582,2005,-78.2978459296,35.0740851051,2014.0
286_6_1_0_17_861_13609,2005,-78.2955475429,35.1436389064,2008.0
286_6_1_0_17_862_13502,2005,-78.3014842727,34.8679249766,2008.0
286_6_1_0_17_862_13604,2005,-78.2928381367,35.1306886318,2008.0
286_6_1_0_17_862_13612,2005,-78.2921552639,35.1512969846,2008.0
286_6_1_0_17_863_13599,2005,-78.2901294559,35.1177383107,2008.0
286_6_1_0_17_863_13687,2005,-78.2825756714,35.344425663,2009.0
286_6_1_0_17_865_13502,2005,-78.2921074086,34.8677164895,2008.0
286_6_1_0_17_865_13591,2008,-78.2845433487,35.096989624,2008.0
286_6_1_0_17_865_13645,2005,-78.2799121076,35.2360942342,2008.0
286_6_1_0_17_866_13501,2012,-78.289066411,34.8650706801,2012.0
286_6_1_0_17_868_13628,2005,-78.2719596903,35.1920907139,2008.0
286_6_1_0_17_869_13475,2005,-78.2818934353,34.7978813353,
286_6_1_0_17_869_13527,2005,-78.2774792175,34.931840304,2008.0
286_6_1_0_17_869_13543,2005,-78.276115126,34.9730577547,2008.0
286_6_1_0_17_869_13582,2012,-78.2727785275,35.0735239208,2012.0
286_6_1_0_17_869_13653,2005,-78.2666616538,35.2564188663,2008.0
286_6_1_0_17_870_13467,2005,-78.2794478033,34.7772022137,2008.0
286_6_1_0_17_870_13482,2005,-78.2781772946,34.8158446302,2008.0
286_6_1_0_17_870_13573,2005,-78.2704174852,35.050269142,2008.0
286_6_1_0_17_870_13741,2005,-78.2558541479,35.4830249932,2008.0
286_6_1_0_17_871_13485,2005,-78.2747990079,34.8235031353,2008.0
286_6_1_0_17_872_13478,2005,-78.2722699129,34.8054001395,
286_6_1_0_17_872_13481,2005,-78.2720150681,34.8131285637,2008.0
286_6_1_0_17_872_13516,2005,-78.2690346987,34.903292665,2008.0
286_6_1_0_17_872_13521,2005,-78.26860785,34.9161731233,2009.0
286_6_1_0_17_872_13530,2012,-78.2678388396,34.9393578679,2012.0
286_6_1_0_17_872_13565,2005,-78.2648398807,35.0295197797,2016.0
286_6_1_0_17_873_13508,2005,-78.2665909853,34.8826136074,2008.0
286_6_1_0_17_873_13519,2005,-78.2656514425,34.9109506123,2014.0
286_6_1_0_17_873_13559,2005,-78.2622238467,35.0139929634,
286_6_1_0_17_873_13571,2005,-78.261192171,35.0449052698,2008.0
286_6_1_0_17_873_13656,2005,-78.2538393236,35.2638621558,2008.0
286_6_1_0_17_873_13716,2005,-78.2486011279,35.4184143676,2008.0
286_6_1_0_17_874_13478,2005,-78.2660235354,34.805259945,2008.0
286_6_1_0_17_874_13500,2005,-78.2641481467,34.8619344951,2014.0
286_6_1_0_17_874_13514,2005,-78.2629519885,34.8979997964,2008.0
286_6_1_0_17_875_13548,2005,-78.2569081815,34.9855152273,2008.0
286_6_1_0_17_875_13572,2005,-78.2548414359,35.0473396706,2008.0
286_6_1_0_17_875_13592,2005,-78.2531143336,35.0988594764,2008.0
286_6_1_0_17_875_13654,2005,-78.2477323794,35.2585676125,2008.0
286_6_1_0_17_876_13509,2005,-78.257127075,34.88497843,2008.0
286_6_1_0_17_876_13538,2005,-78.254638469,34.9596841247,
286_6_1_0_17_877_13561,2014,-78.249526985,35.0188617679,
286_6_1_0_17_877_13572,2005,-78.2485767885,35.0471977312,2008.0
286_6_1_0_17_878_13506,2005,-78.2511322652,34.8771089822,2008.0
286_6_1_0_17_878_13512,2012,-78.2506171601,34.8925653633,2012.0
286_6_1_0_17_878_13520,2005,-78.2499297429,34.9131737998,2008.0
286_6_1_0_17_878_13554,2005,-78.2470004221,35.0007587414,2008.0
286_6_1_0_17_878_13577,2005,-78.2450116444,35.0600065386,2014.0
286_6_1_0_17_878_13615,2005,-78.2417130954,35.1578927168,2008.0
286_6_1_0_17_879_13532,2006,-78.2457689257,34.9440153998,2008.0
286_6_1_0_17_879_13554,2005,-78.2438698896,35.0006876915,2010.0
286_6_1_0_17_879_13571,2005,-78.2423988175,35.0444794921,2016.0
286_6_1_0_17_879_13735,2005,-78.2280431484,35.4669224843,2008.0
286_6_1_0_17_879_13738,2005,-78.2277777527,35.474649777,2008.0
286_6_1_0_17_880_13645,2005,-78.2328187496,35.2350265534,2008.0
286_6_1_0_17_880_13662,2005,-78.2313289089,35.2788162503,2008.0
286_6_1_0_17_881_13506,2005,-78.2417547527,34.8768965638,2008.0
286_6_1_0_17_881_13515,2006,-78.2409793197,34.9000809359,2008.0
286_6_1_0_17_881_13561,2005,-78.2370021355,35.018577218,2008.0
286_6_1_0_17_882_13509,2005,-78.2383702658,34.8845537124,
286_6_1_0_17_882_13535,2008,-78.2361243192,34.9515302288,2008.0
286_6_1_0_17_883_13589,2005,-78.2283019962,35.0905609216,2008.0
286_6_1_0_17_883_13675,2005,-78.220760148,35.3120858919,2008.0
286_6_1_0_17_884_13571,2005,-78.2267379917,35.0441224571,2008.0
286_6_1_0_17_884_13606,2008,-78.2236821006,35.1342796897,2008.0
286_6_1_0_17_885_13471,2005,-78.2322723129,34.7864507311,2008.0
286_6_1_0_17_885_13530,2005,-78.2271724115,34.9384363271,2008.0
286_6_1_0_17_885_13570,2005,-78.2236930697,35.0414748706,2008.0
286_6_1_0_17_885_13607,2014,-78.2204589188,35.1367836928,2014.0
286_6_1_0_17_886_13467,2008,-78.2294947014,34.7760754386,2008.0
286_6_1_0_17_886_13578,2005,-78.2198622719,35.062010555,2008.0
286_6_1_0_17_886_13778,2005,-78.2021603908,35.577168907,2008.0
286_6_1_0_17_887_13478,2008,-78.2254231395,34.8043408783,2008.0
286_6_1_0_17_887_13525,2005,-78.2213508552,34.925413451,2008.0
286_6_1_0_17_887_13684,2005,-78.2073929602,35.3349783368,2008.0
286_6_1_0_17_888_13523,2005,-78.2183972338,34.9201899205,2008.0
286_6_1_0_17_888_13594,2008,-78.2121938655,35.1030811066,2008.0
286_6_1_0_17_888_13674,2005,-78.2051368702,35.3091479021,2008.0
286_6_1_0_17_888_13679,2005,-78.2046934252,35.3220268024,2008.0
286_6_1_0_17_888_13731,2005,-78.2000648837,35.4559654469,2009.0
286_6_1_0_17_890_13455,2005,-78.2180447441,34.7448780234,2008.0
286_6_1_0_17_890_13472,2005,-78.2165739436,34.788670711,2008.0
286_6_1_0_17_890_13573,2005,-78.2077699316,35.0488431531,2008.0
286_6_1_0_17_890_13590,2005,-78.2062769429,35.0926332648,2008.0
286_6_1_0_17_890_13718,2005,-78.1949316147,35.4223350673,2008.0
286_6_1_0_17_891_13577,2008,-78.2042862757,35.0590745676,2008.0
286_6_1_0_17_891_13669,2005,-78.1961547904,35.296050791,2008.0
286_6_1_0_17_891_13681,2005,-78.1950871474,35.3269599267,2009.0
286_6_1_0_17_892_13503,2005,-78.2076328744,34.8683835951,2008.0
286_6_1_0_17_892_13506,2005,-78.207371384,34.8761115178,2008.0
286_6_1_0_17_892_13547,2005,-78.203787687,34.9817253028,2008.0
286_6_1_0_17_892_13726,2005,-78.1879215729,35.4427942407,2008.0
286_6_1_0_17_893_13497,2005,-78.205030737,34.8528559274,2008.0
286_6_1_0_17_893_13667,2005,-78.1900495307,35.2907534181,2008.0
286_6_1_0_17_893_13670,2005,-78.1897822442,35.2984806858,2008.0
286_6_1_0_17_893_13842,2014,-78.1742864504,35.7414911564,2016.0
286_6_1_0_17_894_13505,2005,-78.2012073748,34.8733917799,
286_6_1_0_17_895_13470,2005,-78.2011361389,34.7831606341,2009.0
286_6_1_0_17_895_13587,2008,-78.1908725761,35.0845435998,2008.0
286_6_1_0_17_895_13682,2014,-78.1824261027,35.3292432742,2014.0
286_6_1_0_17_896_13482,2005,-78.196967134,34.8140005923,2008.0
286_6_1_0_17_896_13627,2005,-78.1841910495,35.1875035403,2008.0
286_6_1_0_17_896_13652,2005,-78.1819644223,35.2518978572,2008.0
286_6_1_0_17_897_13592,2005,-78.1841624261,35.0972773757,2008.0
286_6_1_0_17_897_13631,2005,-78.1806973588,35.1977336525,2009.0
286_6_1_0_17_897_13743,2005,-78.1706505481,35.4862125158,2008.0
286_6_1_0_17_898_13606,2006,-78.1797851009,35.1332658887,2008.0
286_6_1_0_17_898_13658,2005,-78.1751478368,35.2672058512,2008.0
286_6_1_0_17_899_13677,2005,-78.1703033654,35.3160710637,2008.0
286_6_1_0_17_900_13675,2005,-78.167340688,35.3108460719,2008.0
286_6_1_0_17_901_13456,2005,-78.1836293656,34.7466648571,2008.0
286_6_1_0_17_901_13575,2008,-78.1731380317,35.0531967375,2008.0
286_6_1_0_17_903_13516,2005,-78.1721062943,34.9010756656,2009.0
286_6_1_0_17_903_13688,2005,-78.1567409836,35.3441085372,
286_6_1_0_17_904_13506,2012,-78.1698637817,34.8752440324,2012.0
286_6_1_0_17_904_13657,2005,-78.1563947416,35.2641886391,2008.0
286_6_1_0_17_904_13660,2005,-78.156124522,35.2719157161,2008.0
286_6_1_0_17_904_13710,2005,-78.1516056867,35.4006986099,2008.0
286_6_1_0_17_905_13586,2005,-78.1596266323,35.081237707,2008.0
286_6_1_0_17_905_13671,2014,-78.15199106,35.3001742694,2014.0
286_6_1_0_17_906_13521,2005,-78.1622832808,34.91373632,2008.0
286_6_1_0_17_906_13535,2005,-78.1610402318,34.9497981835,2008.0
286_6_1_0_17_906_13621,2009,-78.1533557267,35.1713154978,2009.0
286_6_1_0_17_906_13716,2005,-78.1447689942,35.4160037005,2008.0
286_6_1_0_17_907_13441,2006,-78.1662249681,34.7075911596,2008.0
286_6_1_0_17_907_13538,2008,-78.1576449199,34.9574524977,2008.0
286_6_1_0_17_908_13446,2006,-78.16266556,34.7203982706,2008.0
286_6_1_0_17_908_13526,2005,-78.1555846276,34.9264692827,2008.0
286_6_1_0_17_908_13529,2005,-78.1553176918,34.9341967851,2008.0
286_6_1_0_17_908_13675,2005,-78.1422032549,35.3102544751,2012.0
286_6_1_0_17_908_13700,2005,-78.1399331725,35.3746451382,2008.0
286_6_1_0_17_908_13718,2005,-78.1382942493,35.4210059112,
286_6_1_0_17_908_13798,2005,-78.1309646958,35.6270486716,
286_6_1_0_17_909_13720,2005,-78.1349653047,35.4260824485,2008.0
286_6_1_0_17_910_13528,2005,-78.1491513763,34.9314742996,2008.0
286_6_1_0_17_910_13706,2005,-78.1330968654,35.3899496246,2008.0
286_6_1_0_17_910_13719,2005,-78.1319100778,35.4234321622,2008.0
286_6_1_0_17_910_13721,2005,-78.1317273213,35.4285833023,2008.0
286_6_1_0_17_911_13440,2005,-78.1538363977,34.7047243517,2008.0
286_6_1_0_17_911_13461,2005,-78.1519799314,34.7588185151,2008.0
286_6_1_0_17_911_13494,2006,-78.1490526133,34.8438224803,2008.0
286_6_1_0_17_911_13515,2005,-78.1471833821,34.8979151808,2014.0
286_6_1_0_17_911_13520,2005,-78.1467375925,34.9107943112,2010.0
286_6_1_0_17_912_13488,2005,-78.1464620313,34.8282940708,2008.0
286_6_1_0_17_912_13516,2005,-78.1439677916,34.9004175662,2014.0
286_6_1_0_17_912_13645,2005,-78.1323613251,35.2326876963,2008.0
286_6_1_0_17_912_13690,2005,-78.1282676621,35.3485907927,2008.0
286_6_1_0_17_913_13517,2005,-78.1407520065,34.902919856,2008.0
286_6_1_0_17_913_13673,2005,-78.1266750216,35.3047308603,2009.0
286_6_1_0_17_914_13579,2008,-78.1320580545,35.0625437102,2008.0
286_6_1_0_17_915_13463,2005,-78.139317686,34.7636775385,2008.0
286_6_1_0_17_915_13538,2005,-78.1326160735,34.9568640411,2008.0
286_6_1_0_17_915_13720,2005,-78.1160858828,35.4256329274,2008.0
286_6_1_0_17_916_13488,2008,-78.1339672091,34.8280002796,2008.0
286_6_1_0_17_917_13596,2005,-78.1211211231,35.1061078702,2008.0
286_6_1_0_17_918_13502,2005,-78.1264656974,34.8639141888,2008.0
286_6_1_0_17_918_13507,2005,-78.1260172398,34.8767931577,2008.0
286_6_1_0_17_918_13536,2005,-78.1234105679,34.9514905391,2009.0
286_6_1_0_17_918_13573,2005,-78.120070859,35.0467925108,2008.0
286_6_1_0_17_918_13662,2005,-78.1119730037,35.2760250962,2008.0
286_6_1_0_17_918_13664,2005,-78.1117899769,35.2811762717,2008.0
286_6_1_0_17_919_13456,2005,-78.127457628,34.7453525735,2008.0
286_6_1_0_17_919_13473,2006,-78.1259389473,34.7891418281,2008.0
286_6_1_0_17_919_13489,2005,-78.1245066048,34.8303549028,2008.0
286_6_1_0_17_919_13647,2005,-78.1102049897,35.2373161817,2009.0
286_6_1_0_17_919_13708,2005,-78.1046063208,35.3944254427,2008.0
286_6_1_0_17_919_13806,2012,-78.0955205305,35.6468202808,2012.0
286_6_1_0_17_920_13581,2005,-78.113081248,35.0672490992,2008.0
286_6_1_0_17_920_13640,2005,-78.1077061619,35.2192119754,2008.0
286_6_1_0_17_921_13456,2005,-78.121216549,34.7452051677,2008.0
286_6_1_0_17_921_13496,2005,-78.1176302122,34.8482375496,2008.0
286_6_1_0_17_921_13504,2005,-78.1169107579,34.8688437774,2008.0
286_6_1_0_17_921_13507,2005,-78.1166407742,34.8765710914,2008.0
286_6_1_0_17_921_13741,2005,-78.0952622702,35.4792654977,
286_6_1_0_17_922_13546,2005,-78.1099923508,34.9769506531,2010.0
286_6_1_0_17_922_13903,2005,-78.0769206292,35.8963964236,2008.0
286_6_1_0_17_923_13502,2005,-78.110840742,34.8635438537,2008.0
286_6_1_0_17_923_13546,2005,-78.1068630949,34.9768761141,2008.0
286_6_1_0_17_924_13422,2008,-78.1148989551,34.6574050277,2008.0
286_6_1_0_17_924_13644,2005,-78.0947846995,35.2292135973,2008.0
286_6_1_0_17_924_13672,2005,-78.092207297,35.3013290384,2008.0
286_6_1_0_17_924_13677,2005,-78.0917460824,35.3142066878,2008.0
286_6_1_0_17_925_13647,2005,-78.0913698213,35.2368648807,2008.0
286_6_1_0_17_925_13660,2005,-78.0901725658,35.2703470333,2008.0
286_6_1_0_17_925_13738,2005,-78.0829474213,35.4712353004,2014.0
286_6_1_0_17_926_13669,2005,-78.0862012049,35.2934511967,2008.0
286_6_1_0_17_926_13740,2005,-78.0796128068,35.4763100076,2008.0
286_6_1_0_17_926_13749,2005,-78.078773412,35.4994888209,2008.0
286_6_1_0_17_926_13760,2014,-78.0777461828,35.527818337,2014.0
286_6_1_0_17_927_13762,2005,-78.0744086527,35.5328927312,2008.0
286_6_1_0_17_928_13541,2005,-78.0916725544,34.9636238502,2008.0
286_6_1_0_17_928_13770,2005,-78.0705082835,35.5534192871,2008.0
286_6_1_0_17_929_13566,2005,-78.0862606855,35.0279401673,2008.0
286_6_1_0_17_929_13766,2005,-78.0677322806,35.5430411708,2008.0
286_6_1_0_17_929_13768,2006,-78.0675446123,35.5481919156,2008.0
286_6_1_0_17_929_13869,2005,-78.0580051819,35.808297666,2008.0
286_6_1_0_17_930_13533,2005,-78.0861450366,34.9428684652,2008.0
286_6_1_0_17_930_13592,2005,-78.0807448107,35.0948308268,2008.0
286_6_1_0_17_932_13749,2005,-78.0598777741,35.4990296944,2008.0
286_6_1_0_17_932_13847,2005,-78.0506160802,35.7514100475,2009.0
286_6_1_0_17_933_13498,2012,-78.0799560807,34.8524943981,2012.0
286_6_1_0_17_933_13543,2005,-78.0758460099,34.968399391,2008.0
286_6_1_0_17_933_13564,2005,-78.0739199317,35.0224874845,2008.0
286_6_1_0_17_934_13497,2005,-78.0769227932,34.8498436283,2008.0
286_6_1_0_17_934_13596,2005,-78.0678410408,35.1048305454,2008.0
286_6_1_0_17_935_13845,2005,-78.0413295426,35.7460267848,
286_6_1_0_17_936_13427,2005,-78.0770405906,34.6693927616,2010.0
286_6_1_0_17_936_13525,2005,-78.0681116504,34.9218116477,2008.0
286_6_1_0_17_936_13745,2005,-78.0476581119,35.4884205771,2008.0
286_6_1_0_17_936_13771,2005,-78.0452029419,35.5553792463,2008.0
286_6_1_0_17_937_13430,2005,-78.0736510564,34.6770452217,2014.0
286_6_1_0_17_938_13532,2005,-78.0612141677,34.9396898788,2008.0
286_6_1_0_17_939_13447,2006,-78.0658689533,34.7206827284,2008.0
286_6_1_0_17_939_13577,2014,-78.0539322179,35.0555152076,2014.0
286_6_1_0_17_939_13903,2006,-78.0231182666,35.895074417,2008.0
286_6_1_0_17_940_13443,2005,-78.0631140627,34.7103046755,2008.0
286_6_1_0_17_940_13535,2005,-78.0546822664,34.9472651441,2008.0
286_6_1_0_17_940_13598,2005,-78.048851283,35.1095251763,2008.0
286_6_1_0_17_941_13447,2005,-78.0596300702,34.7205322594,2008.0
286_6_1_0_17_941_13532,2005,-78.051831091,34.9394624597,2008.0
286_6_1_0_17_942_13556,2005,-78.0464837438,35.0012001975,2008.0
286_6_1_0_17_942_13562,2005,-78.0459277674,35.016653506,2008.0
286_6_1_0_17_942_13568,2005,-78.0453713677,35.0321067673,2008.0
286_6_1_0_17_943_13523,2005,-78.0464072807,34.9161301767,2008.0
286_6_1_0_17_943_13915,2005,-78.0092957362,35.9256608396,
286_6_1_0_17_944_13418,2005,-78.0529218518,34.6456105982,2009.0
286_6_1_0_17_944_13522,2005,-78.0433729418,34.9134785293,2008.0
286_6_1_0_17_944_13576,2005,-78.0383649343,35.0525582288,2008.0
286_6_1_0_17_944_13654,2005,-78.0310703088,35.2534443757,2008.0
286_6_1_0_17_944_13766,2005,-78.02046894,35.5418822632,2014.0
286_6_1_0_17_944_13909,2005,-78.0067124894,35.9101314819,2008.0
286_6_1_0_17_945_13523,2006,-78.0401537559,34.9159779709,2008.0
286_6_1_0_17_945_13533,2005,-78.0392278417,34.9417336732,2008.0
286_6_1_0_17_946_13537,2005,-78.0357290374,34.9519595925,2009.0
286_6_1_0_17_946_13909,2005,-78.0003819271,35.9099734483,2008.0
286_6_1_0_17_947_13437,2005,-78.0418314931,34.6943222584,2008.0
286_6_1_0_17_947_13586,2005,-78.0280350378,35.0780832652,2009.0
286_6_1_0_17_947_13664,2014,-78.0207080647,35.2789666781,2014.0
286_6_1_0_17_948_13416,2005,-78.0406387036,34.6401571975,2008.0
286_6_1_0_17_948_13421,2005,-78.0401806925,34.6530356545,2008.0
286_6_1_0_17_948_13452,2005,-78.0373345286,34.7328813612,2010.0
286_6_1_0_17_948_13763,2005,-78.008152978,35.5338443879,2008.0
286_6_1_0_17_950_13510,2005,-78.0257284089,34.8821139153,2009.0
286_6_1_0_17_950_13558,2006,-78.0212572216,35.0057391625,2008.0
286_6_1_0_17_951_13601,2005,-78.0140942766,35.1164070166,2008.0
286_6_1_0_17_955_13500,2005,-78.0110343565,34.8559751884,2008.0
286_6_1_0_17_955_13581,2005,-78.003443451,35.0645891377,2008.0
286_6_1_0_17_956_13434,2005,-78.014044112,34.6859107164,2008.0
286_6_1_0_17_956_13562,2005,-78.0021006085,35.0155784627,2014.0
286_6_1_0_17_959_13433,2005,-78.0047829948,34.6831055206,2008.0
286_6_1_0_18_-629_13815,2005,-76.9864639011,35.688610544,2008.0
286_6_1_0_18_-642_13811,2005,-77.0272685749,35.6776167721,2008.0
286_6_1_0_18_-676_13860,2005,-77.1380246307,35.802025259,2008.0
286_6_1_0_18_-695_13751,2010,-77.1904349097,35.5200682255,2010.0
286_6_1_0_18_-697_13751,2005,-77.1967387203,35.5199534451,2008.0
286_6_1_0_18_-710_13782,2005,-77.2399350081,35.5990792915,2008.0
286_6_1_0_18_-721_13716,2012,-77.2698443395,35.4283641067,2012.0
286_6_1_0_18_-729_13543,2012,-77.2825150622,34.9820951281,2012.0
286_6_1_0_18_-729_13703,2010,-77.2940794205,35.3943899111,2014.0
286_6_1_0_18_-732_13549,2005,-77.2923391142,34.9973794928,2008.0
286_6_1_0_18_-732_13704,2010,-77.3035930755,35.3967867709,2012.0
286_6_1_0_18_-734_13747,2005,-77.3130569018,35.5074640144,2008.0
286_6_1_0_18_-737_13690,2012,-77.3182946872,35.360411445,2012.0
286_6_1_0_18_-739_13735,2005,-77.3279201139,35.47624084,2008.0
286_6_1_0_18_-739_13823,2005,-77.3344964139,35.7029810106,
286_6_1_0_18_-740_13834,2005,-77.3384835224,35.7312614076,2008.0
286_6_1_0_18_-741_13829,2005,-77.3412662421,35.7183172961,2009.0
286_6_1_0_18_-751_13902,2005,-77.3784643895,35.9057760249,
286_6_1_0_18_-752_13731,2005,-77.3685656643,35.4651367424,2008.0
286_6_1_0_18_-755_13705,2012,-77.3760441089,35.3979597721,2012.0
286_6_1_0_18_-756_13581,2014,-77.3698737449,35.0783915901,2014.0
286_6_1_0_18_-757_13713,2012,-77.3829445382,35.4184482613,2012.0
286_6_1_0_18_-771_13573,2012,-77.4162814403,35.0568492983,2012.0
286_6_1_0_18_-774_13573,2005,-77.4256819372,35.0566614479,2008.0
286_6_1_0_18_-775_13884,2009,-77.4530317849,35.8578724812,2009.0
286_6_1_0_18_-777_13492,2012,-77.4289146806,34.8477621558,2012.0
286_6_1_0_18_-777_13659,2012,-77.441700503,35.278058037,2012.0
286_6_1_0_18_-781_13921,2005,-77.4749873766,35.9528017754,2008.0
286_6_1_0_18_-786_13607,2012,-77.4659210278,35.1435054645,2012.0
286_6_1_0_18_-786_13872,2005,-77.4868765135,35.8262415455,2008.0
286_6_1_0_18_-788_13718,2005,-77.4809083848,35.4293630942,2008.0
286_6_1_0_18_-789_13650,2012,-77.4786964974,35.2541021469,2012.0
286_6_1_0_18_-789_13758,2005,-77.4872304849,35.532352148,2008.0
286_6_1_0_18_-791_13682,2012,-77.4875011236,35.3364187224,2012.0
286_6_1_0_18_-791_13684,2014,-77.487659137,35.3415715285,2014.0
286_6_1_0_18_-791_13747,2005,-77.4926571438,35.503882347,2008.0
286_6_1_0_18_-793_13701,2014,-77.4952958401,35.385240222,2014.0
286_6_1_0_18_-793_13744,2005,-77.4987188142,35.4960228888,2008.0
286_6_1_0_18_-794_13616,2010,-77.4917217319,35.1661798226,2010.0
286_6_1_0_18_-796_13557,2005,-77.4933630624,35.0140373266,2008.0
286_6_1_0_18_-796_13686,2005,-77.5035395559,35.3463992906,2009.0
286_6_1_0_18_-796_13771,2005,-77.5103366246,35.5653860643,
286_6_1_0_18_-800_13590,2005,-77.5084901957,35.0988030071,
286_6_1_0_18_-800_13614,2005,-77.5103882612,35.1606377866,2008.0
286_6_1_0_18_-800_13646,2010,-77.5129280246,35.2430830359,2014.0
286_6_1_0_18_-800_13772,2012,-77.5230292011,35.5676986876,2012.0
286_6_1_0_18_-800_13774,2005,-77.523190843,35.5728511556,2008.0
286_6_1_0_18_-802_13482,2005,-77.5062687465,34.8204088634,2008.0
286_6_1_0_18_-802_13634,2005,-77.518252871,35.2120356224,
286_6_1_0_18_-804_13595,2005,-77.5214266392,35.1114247625,2008.0
286_6_1_0_18_-804_13815,2005,-77.5391429402,35.6782096031,2008.0
286_6_1_0_18_-805_13506,2005,-77.5175255635,34.8820524618,2008.0
286_6_1_0_18_-808_13691,2005,-77.5416759813,35.3584923177,2008.0
286_6_1_0_18_-812_13502,2005,-77.5390945932,34.8712907007,2008.0
286_6_1_0_18_-812_13613,2005,-77.547954342,35.157274471,2008.0
286_6_1_0_18_-812_13769,2005,-77.5606187237,35.5591713834,2012.0
286_6_1_0_18_-813_13547,2012,-77.5458019011,34.987166243,2012.0
286_6_1_0_18_-813_13686,2005,-77.556993701,35.3452788819,2008.0
286_6_1_0_18_-813_13834,2005,-77.5691291522,35.7265518411,2008.0
286_6_1_0_18_-814_13521,2005,-77.5468583026,34.9201128435,2008.0
286_6_1_0_18_-814_13724,2008,-77.5632359111,35.4431090562,2008.0
286_6_1_0_18_-815_13743,2014,-77.56794045,35.4919896948,2016.0
286_6_1_0_18_-816_13534,2005,-77.5541530318,34.9534751505,2008.0
286_6_1_0_18_-816_13769,2005,-77.573229028,35.5589025513,2008.0
286_6_1_0_18_-817_13526,2005,-77.556642056,34.9327977536,2008.0
286_6_1_0_18_-818_13525,2005,-77.5596904271,34.9301553623,2008.0
286_6_1_0_18_-818_13532,2005,-77.5602511942,34.9481903666,2008.0
286_6_1_0_18_-818_13538,2005,-77.5607322483,34.9636488927,2008.0
286_6_1_0_18_-819_13706,2005,-77.577497769,35.3964020409,2008.0
286_6_1_0_18_-819_13832,2005,-77.5879171718,35.7209930425,2008.0
286_6_1_0_18_-820_13501,2005,-77.5640235717,34.8681887511,2008.0
286_6_1_0_18_-820_13513,2005,-77.5649846043,34.8991060743,2008.0
286_6_1_0_18_-820_13743,2012,-77.5836900824,35.4916530423,2014.0
286_6_1_0_18_-820_13875,2005,-77.5946745602,35.8316931978,2008.0
286_6_1_0_18_-821_13440,2005,-77.5622809608,34.7109572413,2008.0
286_6_1_0_18_-822_13496,2005,-77.5698745567,34.8551743779,2008.0
286_6_1_0_18_-822_13508,2005,-77.5708373152,34.8860916252,
286_6_1_0_18_-822_13710,2005,-77.5872657629,35.4065047281,
286_6_1_0_18_-822_13869,2005,-77.6004965298,35.8161004556,2008.0
286_6_1_0_18_-823_13471,2005,-77.5709965625,34.790696852,2008.0
286_6_1_0_18_-823_13473,2005,-77.5711566063,34.7958497892,2009.0
286_6_1_0_18_-823_13561,2008,-77.5782389045,35.0225740542,2008.0
286_6_1_0_18_-824_13503,2005,-77.5766882923,34.8730769497,2008.0
286_6_1_0_18_-824_13568,2005,-77.581938172,35.0405418136,2008.0
286_6_1_0_18_-824_13633,2005,-77.5872315355,35.2080013528,2008.0
286_6_1_0_18_-825_13583,2014,-77.5862898074,35.0791199126,2016.0
286_6_1_0_18_-826_13504,2005,-77.5830211907,34.8755205277,2008.0
286_6_1_0_18_-826_13569,2005,-77.5882844423,35.0429844853,2008.0
286_6_1_0_18_-826_13571,2005,-77.588447078,35.048137138,2012.0
286_6_1_0_18_-826_13755,2012,-77.603587528,35.5221595452,2012.0
286_6_1_0_18_-827_13443,2005,-77.5812414688,34.7182910562,2008.0
286_6_1_0_18_-827_13505,2005,-77.5862281466,34.8780303874,
286_6_1_0_18_-827_13572,2005,-77.5916612725,35.0506464876,2008.0
286_6_1_0_18_-828_13734,2005,-77.6081394668,35.4679252271,2008.0
286_6_1_0_18_-830_13573,2005,-77.6011415301,35.0530213758,2008.0
286_6_1_0_18_-833_13567,2005,-77.6100482234,35.0373615301,2008.0
286_6_1_0_18_-833_13569,2005,-77.6102121915,35.0425140985,2009.0
286_6_1_0_18_-835_13517,2005,-77.6122173226,34.9084112238,2008.0
286_6_1_0_18_-835_13693,2005,-77.6267494225,35.3618267207,2008.0
286_6_1_0_18_-836_13730,2005,-77.6329944039,35.4570732978,2008.0
286_6_1_0_18_-837_13847,2005,-77.646054442,35.758393906,2008.0
286_6_1_0_18_-838_13498,2005,-77.6200444208,34.8592586961,2008.0
286_6_1_0_18_-838_13536,2005,-77.6231582412,34.9571587219,2008.0
286_6_1_0_18_-838_13607,2012,-77.6290165604,35.1400722983,2012.0
286_6_1_0_18_-839_13530,2005,-77.625794211,34.941633271,2008.0
286_6_1_0_18_-839_13599,2005,-77.6314892176,35.1193945181,2008.0
286_6_1_0_18_-840_13711,2005,-77.6439865942,35.4078527231,2008.0
286_6_1_0_18_-840_13924,2008,-77.6621624322,35.9565239018,2008.0
286_6_1_0_18_-841_13582,2005,-77.6363488727,35.075462568,2010.0
286_6_1_0_18_-842_13503,2005,-77.6329571855,34.8718699027,2008.0
286_6_1_0_18_-843_13467,2005,-77.6331276834,34.779054395,2009.0
286_6_1_0_18_-843_13477,2005,-77.6339472886,34.8048178056,2008.0
286_6_1_0_18_-843_13480,2005,-77.6341933731,34.8125468041,2008.0
286_6_1_0_18_-843_13710,2005,-77.6533415224,35.4050694097,2008.0
286_6_1_0_18_-846_13698,2005,-77.6617640288,35.3739490942,2008.0
286_6_1_0_18_-847_13484,2005,-77.6470179461,34.8225805253,2008.0
286_6_1_0_18_-847_13580,2006,-77.6549838459,35.0698994917,2008.0
286_6_1_0_18_-848_13503,2005,-77.6517127358,34.8714617753,2008.0
286_6_1_0_18_-849_13460,2005,-77.651285032,34.7606129958,2008.0
286_6_1_0_18_-849_13836,2005,-77.6830247717,35.7292184579,2008.0
286_6_1_0_18_-849_13882,2005,-77.6870128184,35.8477056385,2008.0
286_6_1_0_18_-850_13458,2005,-77.6542417324,34.7553922691,2008.0
286_6_1_0_18_-851_13468,2005,-77.6581896478,34.7810871052,2008.0
286_6_1_0_18_-851_13476,2005,-77.6588515343,34.8016974186,2008.0
286_6_1_0_18_-851_13590,2005,-77.6683567985,35.0953855706,2008.0
286_6_1_0_18_-851_13624,2005,-77.6712184251,35.1829735767,2008.0
286_6_1_0_18_-854_13495,2005,-77.6698014158,34.850440876,2008.0
286_6_1_0_18_-854_13549,2016,-77.6743133969,34.9895560107,2016.0
286_6_1_0_18_-855_13569,2005,-77.6791246357,35.0410099776,2008.0
286_6_1_0_18_-856_13589,2005,-77.6839440591,35.0924630913,2008.0
286_6_1_0_18_-856_13596,2006,-77.6845355779,35.1104958149,2008.0
286_6_1_0_18_-856_13881,2005,-77.7090704765,35.8446319909,2008.0
286_6_1_0_18_-857_13488,2005,-77.6785918598,34.8322008656,2008.0
286_6_1_0_18_-858_13458,2005,-77.6792134522,34.7548446766,2008.0
286_6_1_0_18_-858_13467,2008,-77.6799632749,34.7780309754,2008.0
286_6_1_0_18_-858_13495,2005,-77.682301541,34.8501654704,2008.0
286_6_1_0_18_-858_13589,2005,-77.6902124799,35.0923239894,2008.0
286_6_1_0_18_-859_13478,2005,-77.6840042431,34.8063007056,2008.0
286_6_1_0_18_-859_13868,2012,-77.7174183237,35.8109329949,2012.0
286_6_1_0_18_-860_13592,2005,-77.6967354818,35.0999128022,2008.0
286_6_1_0_18_-861_13522,2012,-77.6939470479,34.9195148609,2012.0
286_6_1_0_18_-861_13526,2005,-77.694284084,34.9298194911,2010.0
286_6_1_0_18_-861_13624,2005,-77.7025951336,35.1822765632,2008.0
286_6_1_0_18_-862_13730,2008,-77.7148498985,35.4552576941,2008.0
286_6_1_0_18_-862_13766,2008,-77.7179742888,35.5479888081,2008.0
286_6_1_0_18_-863_13717,2005,-77.71687199,35.4217001983,2008.0
286_6_1_0_18_-863_13803,2012,-77.7243558569,35.6432226185,2012.0
286_6_1_0_18_-864_13450,2005,-77.697271368,34.7338208132,2008.0
286_6_1_0_18_-864_13506,2014,-77.7019787086,34.8780878004,2014.0
286_6_1_0_18_-864_13768,2005,-77.7244521832,35.5529980196,2008.0
286_6_1_0_18_-865_13491,2005,-77.7038390838,34.8393757418,2009.0
286_6_1_0_18_-865_13813,2005,-77.7315443408,35.6688371807,
286_6_1_0_18_-865_13892,2005,-77.7385162758,35.8723182032,2008.0
286_6_1_0_18_-866_13504,2005,-77.7080616336,34.8727962113,2008.0
286_6_1_0_18_-866_13569,2005,-77.7135789279,35.0402432614,2008.0
286_6_1_0_18_-867_13482,2006,-77.7093281835,34.8160509991,2008.0
286_6_1_0_18_-867_13611,2005,-77.7203045012,35.1483664816,2008.0
286_6_1_0_18_-868_13457,2005,-77.7103429223,34.7515767999,2008.0
286_6_1_0_18_-868_13562,2005,-77.719245473,35.022070402,2010.0
286_6_1_0_18_-868_13761,2005,-77.736446831,35.5346814778,2008.0
286_6_1_0_18_-869_13564,2005,-77.7225478311,35.0271522107,
286_6_1_0_18_-870_13481,2010,-77.7186144122,34.813265546,2010.0
286_6_1_0_18_-870_13482,2005,-77.718699091,34.815841698,
286_6_1_0_18_-870_13484,2012,-77.7188684809,34.820993998,2012.0
286_6_1_0_18_-870_13498,2005,-77.720055415,34.8570599554,2008.0
286_6_1_0_18_-870_13562,2005,-77.7255083338,35.0219297202,2008.0
286_6_1_0_18_-870_13702,2005,-77.7375921029,35.3825640526,
286_6_1_0_18_-870_13769,2005,-77.7434514314,35.5551444242,2008.0
286_6_1_0_18_-870_13888,2005,-77.7539818922,35.8616534655,2008.0
286_6_1_0_18_-871_13497,2006,-77.7230956348,34.8544137966,2009.0
286_6_1_0_18_-871_13595,2014,-77.7314720009,35.1068679645,2014.0
286_6_1_0_18_-871_13724,2005,-77.7426580245,35.4391613196,2008.0
286_6_1_0_18_-872_13485,2012,-77.7252009921,34.8234301716,2012.0
286_6_1_0_18_-872_13487,2012,-77.7253708347,34.8285824373,2012.0
286_6_1_0_18_-873_13428,2005,-77.7234969275,34.6765187323,2008.0
286_6_1_0_18_-873_13469,2009,-77.7269661346,34.7821418623,2009.0
286_6_1_0_18_-873_13714,2005,-77.7480772026,35.413259694,2008.0
286_6_1_0_18_-873_13724,2005,-77.7489528966,35.439017968,2009.0
286_6_1_0_18_-874_13601,2005,-77.7413939015,35.1221112866,2008.0
286_6_1_0_18_-875_13415,2005,-77.7286349095,34.6428885056,2008.0
286_6_1_0_18_-875_13542,2014,-77.7394467124,34.9700560353,2014.0
286_6_1_0_18_-875_13715,2012,-77.7544577503,35.4156919702,2012.0
286_6_1_0_18_-875_13718,2005,-77.7547209747,35.4234194213,2008.0
286_6_1_0_18_-876_13524,2005,-77.7410313573,34.9236164765,
286_6_1_0_18_-876_13542,2010,-77.7425761148,34.9699853047,2010.0
286_6_1_0_18_-876_13548,2005,-77.7430918185,34.9854414886,2008.0
286_6_1_0_18_-876_13885,2005,-77.7726966184,35.8534894358,2016.0
286_6_1_0_18_-877_13488,2005,-77.7410765394,34.8308071301,2008.0
286_6_1_0_18_-877_13713,2005,-77.7605749072,35.4103964725,
286_6_1_0_18_-878_13549,2005,-77.7494379483,34.9878757176,2008.0
286_6_1_0_18_-878_13552,2014,-77.7496965673,34.995603748,2014.0
286_6_1_0_18_-878_13583,2005,-77.7523747352,35.0754593865,2008.0
286_6_1_0_18_-878_13587,2012,-77.7527210732,35.0857632501,2012.0
286_6_1_0_18_-879_13467,2005,-77.7455290944,34.7765679627,2009.0
286_6_1_0_18_-879_13569,2005,-77.7542959484,35.0393245477,2008.0
286_6_1_0_18_-880_13460,2005,-77.7480529847,34.7584646609,2008.0
286_6_1_0_18_-880_13469,2005,-77.7488221623,34.7816496202,2010.0
286_6_1_0_18_-880_13509,2005,-77.7522513787,34.8846926325,2008.0
286_6_1_0_18_-881_13454,2012,-77.7506614827,34.7429374247,2012.0
286_6_1_0_18_-881_13456,2012,-77.7508323984,34.7480896487,2014.0
286_6_1_0_18_-881_13549,2005,-77.7588280779,34.9876624176,2008.0
286_6_1_0_18_-881_13565,2005,-77.7602132171,35.0288781215,2008.0
286_6_1_0_18_-881_13591,2005,-77.7624700745,35.0958529397,2008.0
286_6_1_0_18_-881_13597,2005,-77.7629919459,35.1113085437,
286_6_1_0_18_-882_13449,2012,-77.7533546845,34.7299862572,2012.0
286_6_1_0_18_-882_13593,2005,-77.7657783246,35.100933253,2008.0
286_6_1_0_18_-882_13676,2005,-77.773042978,35.3147308833,2008.0
286_6_1_0_18_-883_13591,2005,-77.7687383443,35.0957097663,
286_6_1_0_18_-883_13736,2005,-77.7814908984,35.4692052339,2008.0
286_6_1_0_18_-884_13453,2009,-77.7599380719,34.7401492347,2009.0
286_6_1_0_18_-884_13602,2005,-77.7728327778,35.1239730722,2010.0
286_6_1_0_18_-884_13697,2005,-77.7811824164,35.3686780683,2008.0
286_6_1_0_18_-884_13725,2005,-77.7836626258,35.4407994222,2010.0
286_6_1_0_18_-884_13756,2005,-77.7864188686,35.5206468799,
286_6_1_0_18_-885_13604,2005,-77.7761429113,35.1290529986,
286_6_1_0_18_-886_13459,2005,-77.7666950837,34.755463913,2008.0
286_6_1_0_18_-886_13491,2005,-77.769452191,34.8378975971,2008.0
286_6_1_0_18_-886_13697,2005,-77.7874716067,35.3685329581,2008.0
286_6_1_0_18_-886_13740,2009,-77.7912927225,35.4792897426,2009.0
286_6_1_0_18_-886_13888,2005,-77.8046049691,35.8604807831,2008.0
286_6_1_0_18_-887_13447,2016,-77.7687841055,34.7244799732,2016.0
286_6_1_0_18_-887_13492,2005,-77.7726629423,34.8404023526,2008.0
286_6_1_0_18_-887_13494,2005,-77.7728358497,34.8455543982,2009.0
286_6_1_0_18_-887_13701,2005,-77.7909711577,35.3787633106,2008.0
286_6_1_0_18_-887_13802,2005,-77.7999941777,35.6389079472,2008.0
286_6_1_0_18_-888_13492,2005,-77.7757873425,34.8403309965,2008.0
286_6_1_0_18_-888_13507,2005,-77.7770866762,34.8789711114,2008.0
286_6_1_0_18_-888_13514,2006,-77.7776938789,34.8970030664,2008.0
286_6_1_0_18_-888_13544,2010,-77.7803022934,34.974282161,2010.0
286_6_1_0_18_-888_13697,2005,-77.7937607521,35.3683875211,2008.0
286_6_1_0_18_-888_13704,2005,-77.7943827703,35.3864177621,2010.0
286_6_1_0_18_-888_13772,2006,-77.8004540683,35.5615653684,2010.0
286_6_1_0_18_-889_13592,2005,-77.7876306257,35.0978541874,2008.0
286_6_1_0_18_-889_13664,2005,-77.7939770833,35.2833143459,2008.0
286_6_1_0_18_-889_13705,2005,-77.7976170286,35.3889206094,2008.0
286_6_1_0_18_-889_13754,2008,-77.8019921159,35.5151301159,2008.0
286_6_1_0_18_-890_13500,2005,-77.7827303346,34.860796032,2008.0
286_6_1_0_18_-890_13563,2005,-77.7882220504,35.0230810674,2008.0
286_6_1_0_18_-890_13621,2005,-77.7933168742,35.1724818232,
286_6_1_0_18_-890_13858,2012,-77.8145293859,35.782918972,2012.0
286_6_1_0_18_-891_13451,2005,-77.7816096461,34.7344995002,2009.0
286_6_1_0_18_-891_13543,2005,-77.7896032254,34.971490616,2008.0
286_6_1_0_18_-891_13598,2010,-77.7944267551,35.1131648924,2010.0
286_6_1_0_18_-891_13713,2005,-77.8046217419,35.4093803074,2008.0
286_6_1_0_18_-892_13543,2005,-77.7927325496,34.9714185903,
286_6_1_0_18_-892_13592,2005,-77.7970330424,35.0976373441,2008.0
286_6_1_0_18_-892_13595,2005,-77.7972972075,35.1053649224,2008.0
286_6_1_0_18_-892_13695,2005,-77.8061604922,35.3629442129,2008.0
286_6_1_0_18_-892_13705,2005,-77.807053021,35.3887014301,2010.0
286_6_1_0_18_-892_13760,2005,-77.8119822215,35.5303638048,2008.0
286_6_1_0_18_-893_13469,2005,-77.7894105141,34.780725062,2008.0
286_6_1_0_18_-893_13490,2005,-77.7912351499,34.834821045,2010.0
286_6_1_0_18_-893_13590,2014,-77.7999909082,35.0924131897,
286_6_1_0_18_-893_13631,2005,-77.8036130045,35.1980222446,2008.0
286_6_1_0_18_-893_13698,2005,-77.8095727422,35.370598217,2008.0
286_6_1_0_18_-893_13720,2005,-77.811540745,35.4272636855,2008.0
286_6_1_0_18_-893_13769,2005,-77.8159438157,35.5534708787,
286_6_1_0_18_-894_13463,2005,-77.7920116055,34.7651973245,2008.0
286_6_1_0_18_-894_13599,2005,-77.8039191833,35.1155232791,2008.0
286_6_1_0_18_-894_13713,2005,-77.8140600616,35.4091604713,2008.0
286_6_1_0_18_-895_13667,2005,-77.8130919735,35.2906041904,2008.0
286_6_1_0_18_-895_13718,2005,-77.8176547865,35.4219654328,2008.0
286_6_1_0_18_-896_13456,2005,-77.7976459188,34.7470217777,2008.0
286_6_1_0_18_-896_13523,2005,-77.8034942936,34.9196114854,2008.0
286_6_1_0_18_-896_13635,2005,-77.8133823915,35.2081067459,2008.0
286_6_1_0_18_-896_13668,2005,-77.816322749,35.2931067219,2008.0
286_6_1_0_18_-896_13697,2005,-77.8189168816,35.3678025053,2008.0
286_6_1_0_18_-897_13452,2010,-77.8004187596,34.7366459295,2010.0
286_6_1_0_18_-897_13460,2008,-77.8011148818,34.757253945,2008.0
286_6_1_0_18_-897_13507,2005,-77.8052189029,34.8783243767,2008.0
286_6_1_0_18_-897_13526,2005,-77.8068849351,34.9272669367,2008.0
286_6_1_0_18_-897_13542,2005,-77.8082910284,34.9684813637,2008.0
286_6_1_0_18_-897_13544,2012,-77.8084669908,34.9736331439,2014.0
286_6_1_0_18_-897_13551,2010,-77.8090832112,34.9916643339,2010.0
286_6_1_0_18_-897_13573,2012,-77.8110234707,35.0483333771,2012.0
286_6_1_0_18_-897_13601,2005,-77.8135007377,35.1204567106,2008.0
286_6_1_0_18_-897_13667,2005,-77.8193749478,35.2904576997,
286_6_1_0_18_-897_13746,2008,-77.8264711795,35.4939363045,2008.0
286_6_1_0_18_-898_13516,2005,-77.8091341989,34.9014354299,2008.0
286_6_1_0_18_-898_13546,2005,-77.8117725486,34.9787123895,2008.0
286_6_1_0_18_-898_13690,2005,-77.8245773621,35.349625615,2009.0
286_6_1_0_18_-898_13735,2005,-77.8286270788,35.4655304853,2008.0
286_6_1_0_18_-898_13754,2008,-77.8303439129,35.5144673063,2008.0
286_6_1_0_18_-898_13763,2005,-77.8311585957,35.5376477416,2008.0
286_6_1_0_18_-899_13564,2005,-77.8164916868,35.0250052742,
286_6_1_0_18_-899_13697,2005,-77.828350243,35.3675817764,
286_6_1_0_18_-899_13699,2005,-77.8285300986,35.3727331277,2008.0
286_6_1_0_18_-900_13531,2008,-77.8167082563,34.9399289615,2008.0
286_6_1_0_18_-900_13538,2005,-77.8173255109,34.9579601238,2008.0
286_6_1_0_18_-900_13665,2005,-77.8286199988,35.2850859323,
286_6_1_0_18_-900_13691,2005,-77.830954783,35.3520539934,2008.0
286_6_1_0_18_-900_13722,2005,-77.8337486482,35.4318993797,2008.0
286_6_1_0_18_-901_13529,2005,-77.8196598556,34.9347045359,2008.0
286_6_1_0_18_-901_13552,2005,-77.8216917698,34.9939494464,2008.0
286_6_1_0_18_-901_13649,2006,-77.8303266832,35.2438008952,2008.0
286_6_1_0_18_-901_13652,2005,-77.8305954401,35.2515280653,2010.0
286_6_1_0_18_-901_13663,2005,-77.831581758,35.2798609226,2008.0
286_6_1_0_18_-901_13728,2005,-77.837438181,35.4472791429,2008.0
286_6_1_0_18_-902_13501,2005,-77.8203193307,34.8625068366,2008.0
286_6_1_0_18_-902_13721,2005,-77.8399519694,35.4291756813,2008.0
286_6_1_0_18_-903_13463,2005,-77.8201048199,34.7645489826,2008.0
286_6_1_0_18_-903_13464,2005,-77.8201924985,34.7671249337,2008.0
286_6_1_0_18_-903_13516,2005,-77.8247671492,34.9010726126,2010.0
286_6_1_0_18_-903_13539,2012,-77.8268002006,34.96031759,2012.0
286_6_1_0_18_-903_13684,2005,-77.8397547712,35.3338027808,2008.0
286_6_1_0_18_-904_13488,2005,-77.8254239599,34.8288747615,2008.0
286_6_1_0_18_-904_13516,2005,-77.8278937057,34.9009998082,2008.0
286_6_1_0_18_-904_13546,2005,-77.8305496173,34.978275522,2008.0
286_6_1_0_18_-904_13650,2005,-77.8398354406,35.2461556518,2008.0
286_6_1_0_18_-905_13467,2006,-77.8266991894,34.7747077688,2008.0
286_6_1_0_18_-905_13529,2005,-77.8321711718,34.9344131186,2008.0
286_6_1_0_18_-905_13542,2006,-77.8333239926,34.9678990954,2008.0
286_6_1_0_18_-905_13696,2005,-77.8471261488,35.3645624774,2008.0
286_6_1_0_18_-906_13464,2005,-77.8295569936,34.7669073609,2008.0
286_6_1_0_18_-906_13543,2005,-77.8365419176,34.970401778,2008.0
286_6_1_0_18_-906_13590,2012,-77.8407308455,35.0914642525,2012.0
286_6_1_0_18_-906_13703,2005,-77.8509049098,35.3825176273,2008.0
286_6_1_0_18_-906_13717,2016,-77.8521755981,35.4185761812,
286_6_1_0_18_-907_13495,2005,-77.8354140498,34.8466876606,2008.0
286_6_1_0_18_-907_13496,2005,-77.8355024736,34.8492635427,2008.0
286_6_1_0_18_-907_13552,2006,-77.8404721565,34.9935108792,2008.0
286_6_1_0_18_-907_13653,2005,-77.8495250954,35.2536609922,2009.0
286_6_1_0_18_-907_13718,2005,-77.8554128938,35.4210773231,2008.0
286_6_1_0_18_-907_13777,2014,-77.8607994018,35.5730350684,2014.0
286_6_1_0_18_-908_13660,2005,-77.8532974974,35.2716165745,2008.0
286_6_1_0_18_-908_13685,2005,-77.8555607811,35.3360077186,2010.0
286_6_1_0_18_-908_13693,2005,-77.8562865492,35.3566127128,2008.0
286_6_1_0_18_-909_13522,2005,-77.844059616,34.916089609,2008.0
286_6_1_0_18_-909_13648,2005,-77.8553531294,35.2406344067,2008.0
286_6_1_0_18_-909_13919,2005,-77.8802635688,35.9385931658,2008.0
286_6_1_0_18_-910_13410,2005,-77.8372876351,34.6275155699,2008.0
286_6_1_0_18_-910_13526,2005,-77.8475428358,34.9263195785,2008.0
286_6_1_0_18_-910_13541,2005,-77.8488799952,34.9649567599,2014.0
286_6_1_0_18_-910_13722,2005,-77.8652172751,35.4311557331,2008.0
286_6_1_0_18_-911_13467,2012,-77.8454296866,34.7742708204,2012.0
286_6_1_0_18_-911_13694,2005,-77.8658093742,35.3589647252,2008.0
286_6_1_0_18_-912_13525,2005,-77.8537084801,34.9235968171,2008.0
286_6_1_0_18_-912_13683,2005,-77.8679511218,35.3305584629,2008.0
286_6_1_0_18_-913_13784,2005,-77.8803593123,35.5906123709,2008.0
286_6_1_0_18_-915_13467,2005,-77.8579164603,34.7739779232,2008.0
286_6_1_0_18_-915_13712,2008,-77.8800337254,35.4050254575,2010.0
286_6_1_0_18_-915_13734,2005,-77.882053608,35.4616871251,2008.0
286_6_1_0_18_-915_13758,2005,-77.8842635553,35.5234991309,2008.0
286_6_1_0_18_-917_13490,2012,-77.8662114333,34.8330751809,2012.0
286_6_1_0_18_-918_13473,2005,-77.8678166399,34.78921244,2008.0
286_6_1_0_18_-918_13494,2006,-77.8696931138,34.8433046741,2008.0
286_6_1_0_18_-918_13530,2005,-77.8729215822,34.9360328902,2008.0
286_6_1_0_18_-918_13716,2005,-77.8898389478,35.4151018356,2008.0
286_6_1_0_18_-919_13533,2005,-77.8763193313,34.9436860372,2010.0
286_6_1_0_18_-919_13593,2005,-77.8817409273,35.0982286706,2008.0
286_6_1_0_18_-919_13596,2012,-77.8820130919,35.1059556794,2012.0
286_6_1_0_18_-919_13627,2005,-77.884831534,35.1858007511,2008.0
286_6_1_0_18_-919_13666,2005,-77.8883930962,35.286249223,2008.0
286_6_1_0_18_-919_13710,2005,-77.8924324804,35.399573319,2008.0
286_6_1_0_18_-920_13538,2005,-77.8798980767,34.9564905243,2008.0
286_6_1_0_18_-921_13615,2014,-77.8900113463,35.1547434696,2014.0
286_6_1_0_18_-921_13668,2005,-77.8948588378,35.2912499587,2009.0
286_6_1_0_18_-921_13916,2005,-77.917979577,35.9299483544,2008.0
286_6_1_0_18_-922_13509,2005,-77.8835392721,34.8816453161,
286_6_1_0_18_-922_13515,2012,-77.884079685,34.8970998494,2012.0
286_6_1_0_18_-922_13527,2005,-77.8851617458,34.9280087759,2010.0
286_6_1_0_18_-922_13577,2005,-77.8896881079,35.0567939563,
286_6_1_0_18_-922_13624,2005,-77.8939691485,35.1778490594,2008.0
286_6_1_0_18_-923_13525,2005,-77.888108506,34.9227829076,
286_6_1_0_18_-923_13717,2005,-77.9056619005,35.4172993638,2008.0
286_6_1_0_18_-924_13627,2005,-77.9005177095,35.1854255655,2008.0
286_6_1_0_18_-924_13683,2005,-77.9056650129,35.3296566503,2008.0
286_6_1_0_18_-925_13511,2005,-77.893096894,34.8865737085,2009.0
286_6_1_0_18_-925_13681,2005,-77.9086231,35.3244299439,2008.0
286_6_1_0_18_-925_13698,2005,-77.9101942167,35.368213491,2009.0
286_6_1_0_18_-925_13756,2005,-77.9155800684,35.5175897984,2008.0
286_6_1_0_18_-926_13598,2005,-77.9041351521,35.11058263,2009.0
286_6_1_0_18_-927_13540,2005,-77.9019791308,34.9611199317,2008.0
286_6_1_0_18_-928_13652,2005,-77.9153697141,35.2495126246,2008.0
286_6_1_0_18_-928_13916,2005,-77.940143395,35.9294068095,2008.0
286_6_1_0_18_-929_13718,2005,-77.9246317591,35.4194185137,2008.0
286_6_1_0_18_-930_13475,2005,-77.9054632547,34.7934741876,2008.0
286_6_1_0_18_-930_13516,2005,-77.9091802036,34.8990787144,2008.0
286_6_1_0_18_-930_13542,2005,-77.9115473318,34.966046306,2008.0
286_6_1_0_18_-931_13481,2005,-77.9091288415,34.8088539227,2008.0
286_6_1_0_18_-931_13537,2008,-77.9142198045,34.9530928694,2008.0
286_6_1_0_18_-931_13568,2005,-77.917053609,35.0329376732,2009.0
286_6_1_0_18_-931_13651,2005,-77.9246959873,35.2467095178,2008.0
286_6_1_0_18_-931_13723,2005,-77.9313910123,35.4321428432,2008.0
286_6_1_0_18_-931_13756,2005,-77.9344800613,35.5171308401,2009.0
286_6_1_0_18_-931_13765,2005,-77.9353247759,35.5403091358,2008.0
286_6_1_0_18_-931_13917,2005,-77.949737726,35.9317486282,2009.0
286_6_1_0_18_-932_13904,2005,-77.9516590889,35.8981935882,
286_6_1_0_18_-933_13626,2005,-77.9286596196,35.1821695929,
286_6_1_0_18_-933_13632,2005,-77.9292146314,35.1976227399,2008.0
286_6_1_0_18_-933_13650,2005,-77.9308822037,35.2439818978,2008.0
286_6_1_0_18_-933_13724,2005,-77.9377779239,35.4345650792,2008.0
286_6_1_0_18_-933_13761,2005,-77.9412501343,35.5298539686,2009.0
286_6_1_0_18_-934_13471,2005,-77.9175891174,34.7828721061,2008.0
286_6_1_0_18_-934_13519,2012,-77.9219590323,34.9065053338,2012.0
286_6_1_0_18_-934_13522,2012,-77.9222330366,34.914232311,2012.0
286_6_1_0_18_-934_13652,2005,-77.9342072915,35.2490566981,2008.0
286_6_1_0_18_-935_13511,2005,-77.9243545804,34.8858247469,2009.0
286_6_1_0_18_-935_13515,2012,-77.9247199612,34.8961273935,2012.0
286_6_1_0_18_-935_13579,2012,-77.9305913433,35.0609669009,2012.0
286_6_1_0_18_-936_13467,2005,-77.9234690436,34.7724192375,2008.0
286_6_1_0_18_-937_13473,2005,-77.9271367195,34.7877983553,2014.0
286_6_1_0_18_-937_13579,2005,-77.9368560277,35.0608151674,
286_6_1_0_18_-937_13647,2005,-77.9431602273,35.2359502937,2009.0
286_6_1_0_18_-937_13739,2005,-77.9517764594,35.472888151,2008.0
286_6_1_0_18_-937_13746,2012,-77.952436168,35.490915575,2012.0
286_6_1_0_18_-937_13916,2005,-77.9686388601,35.9287045355,2014.0
286_6_1_0_18_-938_13425,2005,-77.9258957021,34.6640884065,2008.0
286_6_1_0_18_-938_13467,2005,-77.9297118832,34.7722689537,2010.0
286_6_1_0_18_-938_13681,2005,-77.9494751754,35.323438855,2008.0
286_6_1_0_18_-939_13475,2006,-77.9335632603,34.7927991929,2008.0
286_6_1_0_18_-939_13649,2005,-77.9496249029,35.2409481648,2008.0
286_6_1_0_18_-939_13650,2005,-77.9497182397,35.243523619,2008.0
286_6_1_0_18_-939_13684,2005,-77.9528987449,35.331088279,2008.0
286_6_1_0_18_-940_13756,2005,-77.9628292464,35.5164368601,2008.0
286_6_1_0_18_-941_13553,2016,-77.946978976,34.9935464525,2016.0
286_6_1_0_18_-941_13874,2005,-77.9772504622,35.8202354256,
286_6_1_0_18_-942_13450,2005,-77.9406437583,34.7281808278,2008.0
286_6_1_0_18_-942_13535,2005,-77.9484457067,34.9471100568,2008.0
286_6_1_0_18_-942_13650,2005,-77.959136098,35.2432933822,2010.0
286_6_1_0_18_-942_13739,2005,-77.9675172486,35.4725015859,2008.0
286_6_1_0_18_-942_13911,2005,-77.9839851339,35.9154360522,2008.0
286_6_1_0_18_-943_13550,2005,-77.9529607028,34.985667466,2008.0
286_6_1_0_18_-943_13740,2005,-77.9707601794,35.4749993334,2008.0
286_6_1_0_18_-943_13895,2005,-77.9856019281,35.8741557961,2008.0
286_6_1_0_18_-944_13399,2006,-77.9422324248,34.5966685105,2008.0
286_6_1_0_18_-944_13452,2005,-77.9470661704,34.7331811858,2008.0
286_6_1_0_18_-944_13472,2006,-77.9488986904,34.7846944526,2008.0
286_6_1_0_18_-944_13522,2012,-77.9535003873,34.9134753364,2012.0
286_6_1_0_18_-944_13663,2006,-77.9666355063,35.2766197957,2009.0
286_6_1_0_18_-945_13477,2008,-77.9524798481,34.7974968744,2008.0
286_6_1_0_18_-945_13554,2006,-77.9595906239,34.9958170159,2008.0
286_6_1_0_18_-945_13561,2005,-77.9602405093,35.013845735,2008.0
286_6_1_0_18_-945_13736,2005,-77.976676623,35.4645427803,2008.0
286_6_1_0_18_-946_13602,2005,-77.967193082,35.1193644264,2016.0
286_6_1_0_18_-946_13647,2005,-77.971411023,35.2352590484,2008.0
286_6_1_0_18_-946_13652,2005,-77.9718811711,35.2481360641,2008.0
286_6_1_0_18_-947_13472,2005,-77.9582641052,34.7844668812,2008.0
286_6_1_0_18_-949_13575,2012,-77.9740692945,35.0495960775,
286_6_1_0_18_-949_13577,2012,-77.9742561968,35.0547470333,2012.0
286_6_1_0_18_-949_13659,2005,-77.9819601619,35.2659316891,2008.0
286_6_1_0_18_-950_13491,2005,-77.9693856673,34.8331748843,2008.0
286_6_1_0_18_-950_13525,2006,-77.9725390208,34.9207439154,2008.0
286_6_1_0_18_-950_13652,2005,-77.9844387502,35.2478265846,2016.0
286_6_1_0_18_-950_13666,2005,-77.9857623015,35.2838816425,2008.0
286_6_1_0_18_-950_13776,2005,-77.9962438251,35.5671623649,2008.0
286_6_1_0_18_-951_13578,2005,-77.9806138239,35.0571685296,2008.0
286_6_1_0_18_-951_13657,2005,-77.9880510373,35.2606258108,2008.0
286_6_1_0_18_-951_13663,2005,-77.98861894,35.2760779264,2010.0
286_6_1_0_18_-951_13666,2005,-77.9889030535,35.2838039663,2008.0
286_6_1_0_18_-952_13520,2008,-77.9783272382,34.9077129187,2008.0
286_6_1_0_18_-952_13528,2005,-77.9790722694,34.9283171122,2008.0
286_6_1_0_18_-952_13567,2005,-77.9827151446,35.028761353,2016.0
286_6_1_0_18_-952_13665,2005,-77.9919489779,35.2811508709,2008.0
286_6_1_0_18_-952_13670,2005,-77.9924231766,35.2940275475,2009.0
286_6_1_0_18_-953_13430,2006,-77.9731152086,34.6758338586,2008.0
286_6_1_0_18_-954_13653,2005,-77.9970909951,35.2500911448,2008.0
286_6_1_0_18_-956_13401,2005,-77.9797931892,34.6009115776,2008.0
286_6_1_0_18_-956_13545,2005,-77.9931731813,34.9717924628,2008.0
286_6_1_0_18_-961_13431,2005,-77.9981490406,34.6777976875,2008.0
286_6_1_0_18_-962_13396,2008,-77.9980189526,34.5875750046,2008.0
286_6_1_0_18_-962_13401,2008,-77.9984820339,34.600453081,2008.0
